Workbook

Sheet Instrucciones
B2: PATOS — Calendario de Pagos 2026
B3: Herramienta de administración para el seguimiento visual de pagos
B5: ¿Cómo funciona?
B6: Cada mes tiene su propia hoja (Enero 2026 … Diciembre 2026). En cada hoja hay dos zonas:
B7: 1. A la izquierda: el CALENDARIO del mes (solo lectura, se colorea solo).
B8: 2. A la derecha: la LISTA DE PAGOS, que es la única zona que debes rellenar.
B10: Rellenar la lista
B11: En cada fila de la lista, introduce: Fecha del pago, Concepto y Importe (€).
B12: En la columna Estado, elige de la lista desplegable: “Pendiente” o “Pagado”.
B13: La fila de ejemplo (en gris, marcada EJEMPLO) muestra el formato esperado — sustitúyela o bórrala.
B15: Colores del calendario (automáticos, no hay que tocarlos)
B16: El día se colorea según el estado de los pagos registrados en la lista para esa fecha:
... B30: Leyenda de colores
C31: Pagado
C32: Pendiente
C33: Vencido

Sheet Resumen 2026
B2: RESUMEN ANUAL DE PAGOS — 2026
B4: Mes | C4: Nº de pagos | D4: Pagado (€) | E4: Pendiente (€) | F4: Vencido (€) | G4: Total (€)
B5: Enero | C5: ='Enero 2026'!K45 -> 1 | D5: ='Enero 2026'!K46 -> 0 | E5: ='Enero 2026'!K47 -> 0 | F5: ='Enero 2026'!K48 -> 850 | G5: ='Enero 2026'!K49 -> 850
B6: Febrero | C6: ='Febrero 2026'!K45 -> 1 | D6: ='Febrero 2026'!K46 -> 0 | E6: ='Febrero 2026'!K47 -> 0 | F6: ='Febrero 2026'!K48 -> 850 | G6: ='Febrero 2026'!K49 -> 850
B7: Marzo | C7: ='Marzo 2026'!K45 -> 1 | D7: ='Marzo 2026'!K46 -> 0 | E7: ='Marzo 2026'!K47 -> 0 | F7: ='Marzo 2026'!K48 -> 850 | G7: ='Marzo 2026'!K49 -> 850
B8: Abril | C8: ='Abril 2026'!K45 -> 1 | D8: ='Abril 2026'!K46 -> 0 | E8: ='Abril 2026'!K47 -> 0 | F8: ='Abril 2026'!K48 -> 850 | G8: ='Abril 2026'!K49 -> 850
B9: Mayo | C9: ='Mayo 2026'!K45 -> 1 | D9: ='Mayo 2026'!K46 -> 0 | E9: ='Mayo 2026'!K47 -> 0 | F9: ='Mayo 2026'!K48 -> 850 | G9: ='Mayo 2026'!K49 -> 850
B10: Junio | C10: ='Junio 2026'!K45 -> 1 | D10: ='Junio 2026'!K46 -> 0 | E10: ='Junio 2026'!K47 -> 0 | F10: ='Junio 2026'!K48 -> 850 | G10: ='Junio 2026'!K49 -> 850
B11: Julio | C11: ='Julio 2026'!K45 -> 1 | D11: ='Julio 2026'!K46 -> 0 | E11: ='Julio 2026'!K47 -> 0 | F11: ='Julio 2026'!K48 -> 850 | G11: ='Julio 2026'!K49 -> 850
B12: Agosto | C12: ='Agosto 2026'!K45 -> 1 | D12: ='Agosto 2026'!K46 -> 0 | E12: ='Agosto 2026'!K47 -> 0 | F12: ='Agosto 2026'!K48 -> 850 | G12: ='Agosto 2026'!K49 -> 850
B13: Septiembre | C13: ='Septiembre 2026'!K45 -> 1 | D13: ='Septiembre 2026'!K46 -> 0 | E13: ='Septiembre 2026'!K47 -> 0 | F13: ='Septiembre 2026'!K48 -> 850 | G13: ='Septiembre 2026'!K49 -> 850
B14: Octubre | C14: ='Octubre 2026'!K45 -> 1 | D14: ='Octubre 2026'!K46 -> 0 | E14: ='Octubre 2026'!K47 -> 850 | F14: ='Octubre 2026'!K48 -> 0 | G14: ='Octubre 2026'!K49 -> 850
B15: Noviembre | C15: ='Noviembre 2026'!K45 -> 1 | D15: ='Noviembre 2026'!K46 -> 0 | E15: ='Noviembre 2026'!K47 -> 850 | F15: ='Noviembre 2026'!K48 -> 0 | G15: ='Noviembre 2026'!K49 -> 850
B16: Diciembre | C16: ='Diciembre 2026'!K45 -> 1 | D16: ='Diciembre 2026'!K46 -> 0 | E16: ='Diciembre 2026'!K47 -> 850 | F16: ='Diciembre 2026'!K48 -> 0 | G16: ='Diciembre 2026'!K49 -> 850
B17: TOTAL ANUAL | C17: =SUM(C5:C16) -> 12 | D17: =SUM(D5:D16) -> 0 | E17: =SUM(E5:E16) -> 2550 | F17: =SUM(F5:F16) -> 7650 | G17: =SUM(G5:G16) -> 10200

Sheet Enero 2026
A1: ENERO 2026 | I1: LISTA DE PAGOS — rellenar aquí
A2: Lun | B2: Mar | C2: Mié | D2: Jue | E2: Vie | F2: Sáb | G2: Dom | I2: Fecha | J2: Concepto | K2: Importe (€) | L2: Estado
D3: 1 | E3: 2 | F3: 3 | G3: 4 | I3: 46023 | J3: EJEMPLO — Alquiler oficina | K3: 850 | L3: Pendiente
A4: 5 | B4: 6 | C4: 7 | D4: 8 | E4: 9 | F4: 10 | G4: 11
A5: 12 | B5: 13 | C5: 14 | D5: 15 | E5: 16 | F5: 17 | G5: 18
A6: 19 | B6: 20 | C6: 21 | D6: 22 | E6: 23 | F6: 24 | G6: 25
A7: 26 | B7: 27 | C7: 28 | D7: 29 | E7: 30 | F7: 31
A10: Leyenda
B11: Pagado | E11: Pendiente | H11: Vencido
I44: TOTALES
I45: Nº de pagos | K45: =COUNT($I$3:$I$42) -> 1
I46: Total pagado (€) | K46: =SUMIFS($K$3:$K$42,$L$3:$L$42,"Pagado") -> 0
I47: Total pendiente (€) | K47: =SUMPRODUCT(($L$3:$L$42="Pendiente")*($I$3:$I$42>=TODAY())*($I$3:$I$42<>"")*$K$3:$K$42) -> 0
I48: Total vencido (€) | K48: =SUMPRODUCT(($L$3:$L$42="Pendiente")*($I$3:$I$42<TODAY())*($I$3:$I$42<>"")*$K$3:$K$42) -> 850
I49: TOTAL GENERAL (€) | K49: =SUM($K$3:$K$42) -> 850

Sheet Febrero 2026
A1: FEBRERO 2026 | I1: LISTA DE PAGOS — rellenar aquí
A2: Lun | B2: Mar | C2: Mié | D2: Jue | E2: Vie | F2: Sáb | G2: Dom | I2: Fecha | J2: Concepto | K2: Importe (€) | L2: Estado
G3: 1 | I3: 46054 | J3: EJEMPLO — Alquiler oficina | K3: 850 | L3: Pendiente
A4: 2 | B4: 3 | C4: 4 | D4: 5 | E4: 6 | F4: 7 | G4: 8
A5: 9 | B5: 10 | C5: 11 | D5: 12 | E5: 13 | F5: 14 | G5: 15
A6: 16 | B6: 17 | C6: 18 | D6: 19 | E6: 20 | F6: 21 | G6: 22
A7: 23 | B7: 24 | C7: 25 | D7: 26 | E7: 27 | F7: 28
A10: Leyenda
B11: Pagado | E11: Pendiente | H11: Vencido
I44: TOTALES
I45: Nº de pagos | K45: =COUNT($I$3:$I$42) -> 1
I46: Total pagado (€) | K46: =SUMIFS($K$3:$K$42,$L$3:$L$42,"Pagado") -> 0
I47: Total pendiente (€) | K47: =SUMPRODUCT(($L$3:$L$42="Pendiente")*($I$3:$I$42>=TODAY())*($I$3:$I$42<>"")*$K$3:$K$42) -> 0
I48: Total vencido (€) | K48: =SUMPRODUCT(($L$3:$L$42="Pendiente")*($I$3:$I$42<TODAY())*($I$3:$I$42<>"")*$K$3:$K$42) -> 850
I49: TOTAL GENERAL (€) | K49: =SUM($K$3:$K$42) -> 850

Sheet Marzo 2026
A1: MARZO 2026 | I1: LISTA DE PAGOS — rellenar aquí
A2: Lun | B2: Mar | C2: Mié | D2: Jue | E2: Vie | F2: Sáb | G2: Dom | I2: Fecha | J2: Concepto | K2: Importe (€) | L2: Estado
G3: 1 | I3: 46082 | J3: EJEMPLO — Alquiler oficina | K3: 850 | L3: Pendiente
A4: 2 | B4: 3 | C4: 4 | D4: 5 | E4: 6 | F4: 7 | G4: 8
A5: 9 | B5: 10 | C5: 11 | D5: 12 | E5: 13 | F5: 14 | G5: 15
A6: 16 | B6: 17 | C6: 18 | D6: 19 | E6: 20 | F6: 21 | G6: 22
A7: 23 | B7: 24 | C7: 25 | D7: 26 | E7: 27 | F7: 28 | G7: 29
A8: 30 | B8: 31
A10: Leyenda
B11: Pagado | E11: Pendiente | H11: Vencido
I44: TOTALES
I45: Nº de pagos | K45: =COUNT($I$3:$I$42) -> 1
I46: Total pagado (€) | K46: =SUMIFS($K$3:$K$42,$L$3:$L$42,"Pagado") -> 0
I47: Total pendiente (€) | K47: =SUMPRODUCT(($L$3:$L$42="Pendiente")*($I$3:$I$42>=TODAY())*($I$3:$I$42<>"")*$K$3:$K$42) -> 0
I48: Total vencido (€) | K48: =SUMPRODUCT(($L$3:$L$42="Pendiente")*($I$3:$I$42<TODAY())*($I$3:$I$42<>"")*$K$3:$K$42) -> 850
I49: TOTAL GENERAL (€) | K49: =SUM($K$3:$K$42) -> 850

Sheet Abril 2026
A1: ABRIL 2026 | I1: LISTA DE PAGOS — rellenar aquí
A2: Lun | B2: Mar | C2: Mié | D2: Jue | E2: Vie | F2: Sáb | G2: Dom | I2: Fecha | J2: Concepto | K2: Importe (€) | L2: Estado
C3: 1 | D3: 2 | E3: 3 | F3: 4 | G3: 5 | I3: 46113 | J3: EJEMPLO — Alquiler oficina | K3: 850 | L3: Pendiente
A4: 6 | B4: 7 | C4: 8 | D4: 9 | E4: 10 | F4: 11 | G4: 12
A5: 13 | B5: 14 | C5: 15 | D5: 16 | E5: 17 | F5: 18 | G5: 19
A6: 20 | B6: 21 | C6: 22 | D6: 23 | E6: 24 | F6: 25 | G6: 26
A7: 27 | B7: 28 | C7: 29 | D7: 30
A10: Leyenda
B11: Pagado | E11: Pendiente | H11: Vencido
I44: TOTALES
I45: Nº de pagos | K45: =COUNT($I$3:$I$42) -> 1
I46: Total pagado (€) | K46: =SUMIFS($K$3:$K$42,$L$3:$L$42,"Pagado") -> 0
I47: Total pendiente (€) | K47: =SUMPRODUCT(($L$3:$L$42="Pendiente")*($I$3:$I$42>=TODAY())*($I$3:$I$42<>"")*$K$3:$K$42) -> 0
I48: Total vencido (€) | K48: =SUMPRODUCT(($L$3:$L$42="Pendiente")*($I$3:$I$42<TODAY())*($I$3:$I$42<>"")*$K$3:$K$42) -> 850
I49: TOTAL GENERAL (€) | K49: =SUM($K$3:$K$42) -> 850

Sheet Mayo 2026
A1: MAYO 2026 | I1: LISTA DE PAGOS — rellenar aquí
A2: Lun | B2: Mar | C2: Mié | D2: Jue | E2: Vie | F2: Sáb | G2: Dom | I2: Fecha | J2: Concepto | K2: Importe (€) | L2: Estado
E3: 1 | F3: 2 | G3: 3 | I3: 46143 | J3: EJEMPLO — Alquiler oficina | K3: 850 | L3: Pendiente
A4: 4 | B4: 5 | C4: 6 | D4: 7 | E4: 8 | F4: 9 | G4: 10
A5: 11 | B5: 12 | C5: 13 | D5: 14 | E5: 15 | F5: 16 | G5: 17
A6: 18 | B6: 19 | C6: 20 | D6: 21 | E6: 22 | F6: 23 | G6: 24
A7: 25 | B7: 26 | C7: 27 | D7: 28 | E7: 29 | F7: 30 | G7: 31
A10: Leyenda
B11: Pagado | E11: Pendiente | H11: Vencido
I44: TOTALES
I45: Nº de pagos | K45: =COUNT($I$3:$I$42) -> 1
I46: Total pagado (€) | K46: =SUMIFS($K$3:$K$42,$L$3:$L$42,"Pagado") -> 0
I47: Total pendiente (€) | K47: =SUMPRODUCT(($L$3:$L$42="Pendiente")*($I$3:$I$42>=TODAY())*($I$3:$I$42<>"")*$K$3:$K$42) -> 0
I48: Total vencido (€) | K48: =SUMPRODUCT(($L$3:$L$42="Pendiente")*($I$3:$I$42<TODAY())*($I$3:$I$42<>"")*$K$3:$K$42) -> 850
I49: TOTAL GENERAL (€) | K49: =SUM($K$3:$K$42) -> 850

Sheet Junio 2026
A1: JUNIO 2026 | I1: LISTA DE PAGOS — rellenar aquí
A2: Lun | B2: Mar | C2: Mié | D2: Jue | E2: Vie | F2: Sáb | G2: Dom | I2: Fecha | J2: Concepto | K2: Importe (€) | L2: Estado
A3: 1 | B3: 2 | C3: 3 | D3: 4 | E3: 5 | F3: 6 | G3: 7 | I3: 46174 | J3: EJEMPLO — Alquiler oficina | K3: 850 | L3: Pendiente
A4: 8 | B4: 9 | C4: 10 | D4: 11 | E4: 12 | F4: 13 | G4: 14
A5: 15 | B5: 16 | C5: 17 | D5: 18 | E5: 19 | F5: 20 | G5: 21
A6: 22 | B6: 23 | C6: 24 | D6: 25 | E6: 26 | F6: 27 | G6: 28
A7: 29 | B7: 30
A10: Leyenda
B11: Pagado | E11: Pendiente | H11: Vencido
I44: TOTALES
I45: Nº de pagos | K45: =COUNT($I$3:$I$42) -> 1
I46: Total pagado (€) | K46: =SUMIFS($K$3:$K$42,$L$3:$L$42,"Pagado") -> 0
I47: Total pendiente (€) | K47: =SUMPRODUCT(($L$3:$L$42="Pendiente")*($I$3:$I$42>=TODAY())*($I$3:$I$42<>"")*$K$3:$K$42) -> 0
I48: Total vencido (€) | K48: =SUMPRODUCT(($L$3:$L$42="Pendiente")*($I$3:$I$42<TODAY())*($I$3:$I$42<>"")*$K$3:$K$42) -> 850
I49: TOTAL GENERAL (€) | K49: =SUM($K$3:$K$42) -> 850

Sheet Julio 2026
A1: JULIO 2026 | I1: LISTA DE PAGOS — rellenar aquí
A2: Lun | B2: Mar | C2: Mié | D2: Jue | E2: Vie | F2: Sáb | G2: Dom | I2: Fecha | J2: Concepto | K2: Importe (€) | L2: Estado
C3: 1 | D3: 2 | E3: 3 | F3: 4 | G3: 5 | I3: 46204 | J3: EJEMPLO — Alquiler oficina | K3: 850 | L3: Pendiente
A4: 6 | B4: 7 | C4: 8 | D4: 9 | E4: 10 | F4: 11 | G4: 12
A5: 13 | B5: 14 | C5: 15 | D5: 16 | E5: 17 | F5: 18 | G5: 19
A6: 20 | B6: 21 | C6: 22 | D6: 23 | E6: 24 | F6: 25 | G6: 26
A7: 27 | B7: 28 | C7: 29 | D7: 30 | E7: 31
A10: Leyenda
B11: Pagado | E11: Pendiente | H11: Vencido
I44: TOTALES
I45: Nº de pagos | K45: =COUNT($I$3:$I$42) -> 1
I46: Total pagado (€) | K46: =SUMIFS($K$3:$K$42,$L$3:$L$42,"Pagado") -> 0
I47: Total pendiente (€) | K47: =SUMPRODUCT(($L$3:$L$42="Pendiente")*($I$3:$I$42>=TODAY())*($I$3:$I$42<>"")*$K$3:$K$42) -> 0
I48: Total vencido (€) | K48: =SUMPRODUCT(($L$3:$L$42="Pendiente")*($I$3:$I$42<TODAY())*($I$3:$I$42<>"")*$K$3:$K$42) -> 850
I49: TOTAL GENERAL (€) | K49: =SUM($K$3:$K$42) -> 850

Sheet Agosto 2026
A1: AGOSTO 2026 | I1: LISTA DE PAGOS — rellenar aquí
A2: Lun | B2: Mar | C2: Mié | D2: Jue | E2: Vie | F2: Sáb | G2: Dom | I2: Fecha | J2: Concepto | K2: Importe (€) | L2: Estado
F3: 1 | G3: 2 | I3: 46235 | J3: EJEMPLO — Alquiler oficina | K3: 850 | L3: Pendiente
A4: 3 | B4: 4 | C4: 5 | D4: 6 | E4: 7 | F4: 8 | G4: 9
A5: 10 | B5: 11 | C5: 12 | D5: 13 | E5: 14 | F5: 15 | G5: 16
A6: 17 | B6: 18 | C6: 19 | D6: 20 | E6: 21 | F6: 22 | G6: 23
A7: 24 | B7: 25 | C7: 26 | D7: 27 | E7: 28 | F7: 29 | G7: 30
A8: 31
A10: Leyenda
B11: Pagado | E11: Pendiente | H11: Vencido
I44: TOTALES
I45: Nº de pagos | K45: =COUNT($I$3:$I$42) -> 1
I46: Total pagado (€) | K46: =SUMIFS($K$3:$K$42,$L$3:$L$42,"Pagado") -> 0
I47: Total pendiente (€) | K47: =SUMPRODUCT(($L$3:$L$42="Pendiente")*($I$3:$I$42>=TODAY())*($I$3:$I$42<>"")*$K$3:$K$42) -> 0
I48: Total vencido (€) | K48: =SUMPRODUCT(($L$3:$L$42="Pendiente")*($I$3:$I$42<TODAY())*($I$3:$I$42<>"")*$K$3:$K$42) -> 850
I49: TOTAL GENERAL (€) | K49: =SUM($K$3:$K$42) -> 850

Sheet Septiembre 2026
A1: SEPTIEMBRE 2026 | I1: LISTA DE PAGOS — rellenar aquí
A2: Lun | B2: Mar | C2: Mié | D2: Jue | E2: Vie | F2: Sáb | G2: Dom | I2: Fecha | J2: Concepto | K2: Importe (€) | L2: Estado
B3: 1 | C3: 2 | D3: 3 | E3: 4 | F3: 5 | G3: 6 | I3: 46266 | J3: EJEMPLO — Alquiler oficina | K3: 850 | L3: Pendiente
A4: 7 | B4: 8 | C4: 9 | D4: 10 | E4: 11 | F4: 12 | G4: 13
A5: 14 | B5: 15 | C5: 16 | D5: 17 | E5: 18 | F5: 19 | G5: 20
A6: 21 | B6: 22 | C6: 23 | D6: 24 | E6: 25 | F6: 26 | G6: 27
A7: 28 | B7: 29 | C7: 30
A10: Leyenda
B11: Pagado | E11: Pendiente | H11: Vencido
I44: TOTALES
I45: Nº de pagos | K45: =COUNT($I$3:$I$42) -> 1
I46: Total pagado (€) | K46: =SUMIFS($K$3:$K$42,$L$3:$L$42,"Pagado") -> 0
I47: Total pendiente (€) | K47: =SUMPRODUCT(($L$3:$L$42="Pendiente")*($I$3:$I$42>=TODAY())*($I$3:$I$42<>"")*$K$3:$K$42) -> 0
I48: Total vencido (€) | K48: =SUMPRODUCT(($L$3:$L$42="Pendiente")*($I$3:$I$42<TODAY())*($I$3:$I$42<>"")*$K$3:$K$42) -> 850
I49: TOTAL GENERAL (€) | K49: =SUM($K$3:$K$42) -> 850

Sheet Octubre 2026
A1: OCTUBRE 2026 | I1: LISTA DE PAGOS — rellenar aquí
A2: Lun | B2: Mar | C2: Mié | D2: Jue | E2: Vie | F2: Sáb | G2: Dom | I2: Fecha | J2: Concepto | K2: Importe (€) | L2: Estado
D3: 1 | E3: 2 | F3: 3 | G3: 4 | I3: 46296 | J3: EJEMPLO — Alquiler oficina | K3: 850 | L3: Pendiente
A4: 5 | B4: 6 | C4: 7 | D4: 8 | E4: 9 | F4: 10 | G4: 11
A5: 12 | B5: 13 | C5: 14 | D5: 15 | E5: 16 | F5: 17 | G5: 18
A6: 19 | B6: 20 | C6: 21 | D6: 22 | E6: 23 | F6: 24 | G6: 25
A7: 26 | B7: 27 | C7: 28 | D7: 29 | E7: 30 | F7: 31
A10: Leyenda
B11: Pagado | E11: Pendiente | H11: Vencido
I44: TOTALES
I45: Nº de pagos | K45: =COUNT($I$3:$I$42) -> 1
I46: Total pagado (€) | K46: =SUMIFS($K$3:$K$42,$L$3:$L$42,"Pagado") -> 0
I47: Total pendiente (€) | K47: =SUMPRODUCT(($L$3:$L$42="Pendiente")*($I$3:$I$42>=TODAY())*($I$3:$I$42<>"")*$K$3:$K$42) -> 850
I48: Total vencido (€) | K48: =SUMPRODUCT(($L$3:$L$42="Pendiente")*($I$3:$I$42<TODAY())*($I$3:$I$42<>"")*$K$3:$K$42) -> 0
I49: TOTAL GENERAL (€) | K49: =SUM($K$3:$K$42) -> 850

Sheet Noviembre 2026
A1: NOVIEMBRE 2026 | I1: LISTA DE PAGOS — rellenar aquí
A2: Lun | B2: Mar | C2: Mié | D2: Jue | E2: Vie | F2: Sáb | G2: Dom | I2: Fecha | J2: Concepto | K2: Importe (€) | L2: Estado
G3: 1 | I3: 46327 | J3: EJEMPLO — Alquiler oficina | K3: 850 | L3: Pendiente
A4: 2 | B4: 3 | C4: 4 | D4: 5 | E4: 6 | F4: 7 | G4: 8
A5: 9 | B5: 10 | C5: 11 | D5: 12 | E5: 13 | F5: 14 | G5: 15
A6: 16 | B6: 17 | C6: 18 | D6: 19 | E6: 20 | F6: 21 | G6: 22
A7: 23 | B7: 24 | C7: 25 | D7: 26 | E7: 27 | F7: 28 | G7: 29
A8: 30
A10: Leyenda
B11: Pagado | E11: Pendiente | H11: Vencido
I44: TOTALES
I45: Nº de pagos | K45: =COUNT($I$3:$I$42) -> 1
I46: Total pagado (€) | K46: =SUMIFS($K$3:$K$42,$L$3:$L$42,"Pagado") -> 0
I47: Total pendiente (€) | K47: =SUMPRODUCT(($L$3:$L$42="Pendiente")*($I$3:$I$42>=TODAY())*($I$3:$I$42<>"")*$K$3:$K$42) -> 850
I48: Total vencido (€) | K48: =SUMPRODUCT(($L$3:$L$42="Pendiente")*($I$3:$I$42<TODAY())*($I$3:$I$42<>"")*$K$3:$K$42) -> 0
I49: TOTAL GENERAL (€) | K49: =SUM($K$3:$K$42) -> 850

Sheet Diciembre 2026
A1: DICIEMBRE 2026 | I1: LISTA DE PAGOS — rellenar aquí
A2: Lun | B2: Mar | C2: Mié | D2: Jue | E2: Vie | F2: Sáb | G2: Dom | I2: Fecha | J2: Concepto | K2: Importe (€) | L2: Estado
B3: 1 | C3: 2 | D3: 3 | E3: 4 | F3: 5 | G3: 6 | I3: 46357 | J3: EJEMPLO — Alquiler oficina | K3: 850 | L3: Pendiente
A4: 7 | B4: 8 | C4: 9 | D4: 10 | E4: 11 | F4: 12 | G4: 13
A5: 14 | B5: 15 | C5: 16 | D5: 17 | E5: 18 | F5: 19 | G5: 20
A6: 21 | B6: 22 | C6: 23 | D6: 24 | E6: 25 | F6: 26 | G6: 27
A7: 28 | B7: 29 | C7: 30 | D7: 31
A10: Leyenda
B11: Pagado | E11: Pendiente | H11: Vencido
I44: TOTALES
I45: Nº de pagos | K45: =COUNT($I$3:$I$42) -> 1
I46: Total pagado (€) | K46: =SUMIFS($K$3:$K$42,$L$3:$L$42,"Pagado") -> 0
I47: Total pendiente (€) | K47: =SUMPRODUCT(($L$3:$L$42="Pendiente")*($I$3:$I$42>=TODAY())*($I$3:$I$42<>"")*$K$3:$K$42) -> 850
I48: Total vencido (€) | K48: =SUMPRODUCT(($L$3:$L$42="Pendiente")*($I$3:$I$42<TODAY())*($I$3:$I$42<>"")*$K$3:$K$42) -> 0
I49: TOTAL GENERAL (€) | K49: =SUM($K$3:$K$42) -> 850
